{
  "accuracy": [
    0.39696216583251953,
    0.47892987728118896,
    0.49102500081062317,
    0.49756741523742676,
    0.5010573863983154,
    0.5013178586959839,
    0.5079436302185059,
    0.5079852938652039,
    0.5100896954536438,
    0.5092458724975586,
    0.5104334950447083,
    0.5327589511871338,
    0.5408640503883362,
    0.5372803211212158,
    0.5403952598571777,
    0.5421246290206909,
    0.5449374318122864,
    0.5440623164176941,
    0.5438539981842041,
    0.5419995784759521,
    0.5432705879211426,
    0.5445311665534973,
    0.5452499985694885,
    0.5463230013847351,
    0.5574180483818054
  ],
  "loss": [
    2.4316675662994385,
    2.041378974914551,
    1.9971548318862915,
    1.9713670015335083,
    1.9619255065917969,
    1.9620556831359863,
    1.949426293373108,
    1.9453150033950806,
    1.9435231685638428,
    1.9472408294677734,
    1.9439111948013306,
    1.81281316280365,
    1.782997965812683,
    1.7727534770965576,
    1.7563482522964478,
    1.7533615827560425,
    1.748063564300537,
    1.7426912784576416,
    1.7354270219802856,
    1.7466871738433838,
    1.742078185081482,
    1.7349437475204468,
    1.732153058052063,
    1.7269623279571533,
    1.6683905124664307
  ],
  "top3": [
    0.604913055896759,
    0.6923501491546631,
    0.7057058811187744,
    0.7119044661521912,
    0.7144047617912292,
    0.716842532157898,
    0.72031170129776,
    0.7234057784080505,
    0.7230411767959595,
    0.7250205874443054,
    0.7262811660766602,
    0.7448561787605286,
    0.7485440969467163,
    0.7493879795074463,
    0.7510339617729187,
    0.7516902685165405,
    0.7524299621582031,
    0.7536488771438599,
    0.7541905641555786,
    0.7524195313453674,
    0.7524195313453674,
    0.755378246307373,
    0.7543677091598511,
    0.756430447101593,
    0.7659523487091064
  ],
  "top5": [
    0.695256769657135,
    0.7775578498840332,
    0.7870901823043823,
    0.795018196105957,
    0.795987069606781,
    0.8010709285736084,
    0.8009980320930481,
    0.8037379384040833,
    0.8042796850204468,
    0.8065611720085144,
    0.8061236143112183,
    0.8229693174362183,
    0.8255529403686523,
    0.8260529637336731,
    0.8275531530380249,
    0.827792763710022,
    0.8288761973381042,
    0.8293971419334412,
    0.8297721743583679,
    0.8285845518112183,
    0.8281053304672241,
    0.831022322177887,
    0.8302721977233887,
    0.8310952186584473,
    0.8401796221733093
  ],
  "val_accuracy": [
    0.5073994994163513,
    0.5191802382469177,
    0.5316911935806274,
    0.5308635830879211,
    0.5341739058494568,
    0.5348067283630371,
    0.5295978784561157,
    0.5428390502929688,
    0.5363158583641052,
    0.5461006760597229,
    0.5436179637908936,
    0.5592931509017944,
    0.5592444539070129,
    0.5561289191246033,
    0.5566644072532654,
    0.5603154301643372,
    0.558903694152832,
    0.5597313046455383,
    0.5594878792762756,
    0.559001088142395,
    0.5622626543045044,
    0.5555934309959412,
    0.5608022809028625,
    0.5624573826789856,
    0.5735079646110535
  ],
  "val_loss": [
    1.8635579347610474,
    1.8143709897994995,
    1.7915105819702148,
    1.7988446950912476,
    1.795952558517456,
    1.7893794775009155,
    1.832139015197754,
    1.7667937278747559,
    1.8196319341659546,
    1.7668768167495728,
    1.795568585395813,
    1.700769066810608,
    1.693630576133728,
    1.695530652999878,
    1.6904637813568115,
    1.6783586740493774,
    1.68381667137146,
    1.6790111064910889,
    1.6780441999435425,
    1.6791926622390747,
    1.6711583137512207,
    1.6950563192367554,
    1.6803213357925415,
    1.6790775060653687,
    1.6226028203964233
  ],
  "val_top3": [
    0.7235906720161438,
    0.737026572227478,
    0.7430143356323242,
    0.7412617802619934,
    0.748515248298645,
    0.7490020394325256,
    0.7429169416427612,
    0.7537727355957031,
    0.7486125826835632,
    0.7567422986030579,
    0.7514360547065735,
    0.7651640772819519,
    0.7670626044273376,
    0.7667705416679382,
    0.7675980925559998,
    0.7682796120643616,
    0.7680848836898804,
    0.7672573328018188,
    0.7674520611763,
    0.7661376595497131,
    0.7701781988143921,
    0.7661376595497131,
    0.7693992853164673,
    0.7685230374336243,
    0.776993453502655
  ],
  "val_top5": [
    0.8037679195404053,
    0.8163762092590332,
    0.8213416337966919,
    0.8220231533050537,
    0.8262097239494324,
    0.8283029794692993,
    0.8208548426628113,
    0.8290818929672241,
    0.824944019317627,
    0.8296660780906677,
    0.8272320032119751,
    0.8378444314002991,
    0.8381364941596985,
    0.8378930687904358,
    0.83818519115448,
    0.8408626317977905,
    0.8397429585456848,
    0.8384772539138794,
    0.8387206792831421,
    0.8378444314002991,
    0.8385746479034424,
    0.8366760611534119,
    0.8392561674118042,
    0.8404244780540466,
    0.844854474067688
  ],
  "learning_rate": [
    0.0010000000474974513,
    0.0010000000474974513,
    0.0010000000474974513,
    0.0010000000474974513,
    0.0010000000474974513,
    0.0010000000474974513,
    0.0010000000474974513,
    0.0010000000474974513,
    0.0010000000474974513,
    0.0010000000474974513,
    0.0010000000474974513,
    0.0005000000237487257,
    0.0005000000237487257,
    0.0005000000237487257,
    0.0005000000237487257,
    0.0005000000237487257,
    0.0005000000237487257,
    0.0005000000237487257,
    0.0005000000237487257,
    0.0005000000237487257,
    0.0005000000237487257,
    0.0005000000237487257,
    0.0005000000237487257,
    0.0005000000237487257,
    0.0002500000118743628
  ]
}