{
  "accuracy": [
    0.5238711833953857,
    0.6486534476280212,
    0.6742887496948242,
    0.6815237998962402,
    0.6873297095298767,
    0.6938502192497253,
    0.7001920342445374,
    0.7060425877571106,
    0.702201783657074,
    0.7020231485366821,
    0.7170291543006897,
    0.7208700180053711,
    0.7204234004020691,
    0.7280603647232056,
    0.7239515781402588,
    0.7304720878601074,
    0.7357866764068604,
    0.7322138547897339,
    0.7348041534423828,
    0.7378857731819153
  ],
  "loss": [
    1.6065047979354858,
    1.1455000638961792,
    1.0630930662155151,
    1.031408667564392,
    1.004156231880188,
    0.9903766512870789,
    0.9611364603042603,
    0.9427996277809143,
    0.9549394249916077,
    0.9572477340698242,
    0.910331130027771,
    0.892591118812561,
    0.8883112668991089,
    0.8669625520706177,
    0.8712455034255981,
    0.8570531606674194,
    0.845219075679779,
    0.8408395648002625,
    0.8376765847206116,
    0.8335297703742981
  ],
  "top3_acc": [
    0.7560180425643921,
    0.8643651604652405,
    0.8812915682792664,
    0.8866062164306641,
    0.8870974779129028,
    0.8926354050636292,
    0.8975481390953064,
    0.9036219716072083,
    0.9011656641960144,
    0.8995578289031982,
    0.906346321105957,
    0.9100084900856018,
    0.912107527256012,
    0.9128221273422241,
    0.9141172766685486,
    0.9128667712211609,
    0.9142959117889404,
    0.916618287563324,
    0.9168862700462341,
    0.9184940457344055
  ],
  "top5_acc": [
    0.8456076383590698,
    0.9258630871772766,
    0.9377428293228149,
    0.9390379786491394,
    0.9426555037498474,
    0.9442633390426636,
    0.9482381343841553,
    0.9493992924690247,
    0.9506497979164124,
    0.9493546485900879,
    0.953552782535553,
    0.9568576812744141,
    0.9569469690322876,
    0.9576615691184998,
    0.9592247009277344,
    0.9585548043251038,
    0.9598052501678467,
    0.9598052501678467,
    0.9615917205810547,
    0.9616810083389282
  ],
  "val_accuracy": [
    0.6665276288986206,
    0.68905109167099,
    0.68196040391922,
    0.6938477754592896,
    0.6990615129470825,
    0.6994786262512207,
    0.7042753100395203,
    0.6800833940505981,
    0.7017726898193359,
    0.6992700695991516,
    0.7101147174835205,
    0.714702844619751,
    0.7144942879676819,
    0.7113659977912903,
    0.7159541249275208,
    0.7178310751914978,
    0.7197080254554749,
    0.7161626815795898,
    0.7167882919311523,
    0.7169968485832214
  ],
  "val_loss": [
    1.0862081050872803,
    1.0078719854354858,
    1.0258170366287231,
    0.9882469177246094,
    0.9722051620483398,
    0.971943199634552,
    0.9631329774856567,
    1.0349611043930054,
    0.9810957312583923,
    0.9725137948989868,
    0.9301093816757202,
    0.9233332276344299,
    0.9276493191719055,
    0.9426940083503723,
    0.9282220602035522,
    0.9099414944648743,
    0.9038211107254028,
    0.9085659384727478,
    0.9080994725227356,
    0.9098512530326843
  ],
  "val_top3_acc": [
    0.8809176087379456,
    0.8913451433181763,
    0.8894681930541992,
    0.8944734334945679,
    0.8986444473266602,
    0.8973931074142456,
    0.8990615010261536,
    0.8950990438461304,
    0.901772677898407,
    0.9011470079421997,
    0.9067779183387756,
    0.9076120853424072,
    0.9078206419944763,
    0.9032325148582458,
    0.9074035286903381,
    0.9094890356063843,
    0.9107403755187988,
    0.9099061489105225,
    0.9115745425224304,
    0.9092804789543152
  ],
  "val_top5_acc": [
    0.9384775757789612,
    0.9436913728713989,
    0.9424400329589844,
    0.9438998699188232,
    0.9489051103591919,
    0.9499478340148926,
    0.9499478340148926,
    0.9478623270988464,
    0.9511991739273071,
    0.9514077305793762,
    0.9511991739273071,
    0.9534932374954224,
    0.9518248438835144,
    0.950990617275238,
    0.9524504542350769,
    0.9537017941474915,
    0.9547445178031921,
    0.9553701877593994,
    0.9534932374954224,
    0.954535961151123
  ],
  "learning_rate": [
    0.0010000000474974513,
    0.0010000000474974513,
    0.0010000000474974513,
    0.0010000000474974513,
    0.0010000000474974513,
    0.0010000000474974513,
    0.0010000000474974513,
    0.0010000000474974513,
    0.0010000000474974513,
    0.0010000000474974513,
    0.0005000000237487257,
    0.0005000000237487257,
    0.0005000000237487257,
    0.0005000000237487257,
    0.0005000000237487257,
    0.0002500000118743628,
    0.0002500000118743628,
    0.0002500000118743628,
    0.0002500000118743628,
    0.0002500000118743628
  ]
}